{"delta_c": [0.02630181983113289, 0.05395619198679924, 0.040725093334913254, 0.02189589850604534, 0.03678178787231445, 0.03169289231300354, 0.03830692917108536, 0.04098641872406006, 0.04435655474662781, 0.04016977548599243, 0.04281145706772804, 0.0321788527071476, 0.03049723617732525, 0.03361397981643677, 0.03576615825295448, 0.034365229308605194, 0.039915040135383606, 0.0443485826253891, 0.03756061941385269, 0.03403320163488388, 0.039614900946617126, 0.04107028618454933, 0.041444793343544006, 0.03398220241069794, 0.027089010924100876, 0.036945145577192307, 0.03341838717460632, 0.03971167653799057, 0.041706956923007965, 0.0446811281144619, 0.03971042484045029, 0.020842473953962326, 0.023700134828686714, 0.01979951001703739, 0.02175110951066017, 0.032082706689834595, 0.038404811173677444, 0.03332735598087311, 0.0381680428981781, 0.03211371600627899, 0.036318957805633545, 0.03403245285153389, 0.025035899132490158, 0.019278880208730698, 0.03603256866335869, 0.03603256866335869, 0.04905020445585251, 0.03712620213627815, 0.038884568959474564, 0.032693345099687576, 0.039636071771383286, 0.05061556026339531, 0.03731447458267212, 0.04039027541875839, 0.03484630212187767, 0.03157706558704376, 0.038992155343294144, 0.03416552022099495, 0.03007936105132103, 0.03548642620444298, 0.03625454753637314, 0.03490886092185974, 0.03515521064400673, 0.029234906658530235, 0.02764648012816906, 0.044594451785087585, 0.024495426565408707, 0.028322584927082062, 0.03656503185629845, 0.02784135565161705, 0.02591848373413086, 0.03294713795185089, 0.03666761890053749, 0.03573038801550865, 0.03693028911948204, 0.03227465972304344, 0.03716740384697914, 0.04541937634348869, 0.04394263029098511, 0.023499401286244392, 0.02545226737856865, 0.02819611318409443, 0.033297859132289886, 0.026323910802602768, 0.015646956861019135, 0.017645543441176414, 0.0206693597137928, 0.02045677788555622, 0.030145417898893356, 0.029094567522406578, 0.029468024149537086, 0.026587188243865967, 0.04230140149593353, 0.03233342617750168, 0.030763328075408936, 0.039602167904376984, 0.038649145513772964, 0.03196638450026512, 0.028784051537513733, 0.034698933362960815], "delta_p": [0.01053873635828495, 0.014083550311625004, 0.020138438791036606, 0.00977253820747137, 0.01154624205082655, 0.01146384235471487, 0.01860545203089714, 0.013516501523554325, 0.018777314573526382, 0.019000286236405373, 0.01436670683324337, 0.012547606602311134, 0.012199275195598602, 0.013106847181916237, 0.014380750246345997, 0.011639575473964214, 0.012088055722415447, 0.014645776711404324, 0.015097243711352348, 0.014529522508382797, 0.019615525379776955, 0.014175476506352425, 0.01761210523545742, 0.014254177920520306, 0.0191657654941082, 0.009958314709365368, 0.01067502610385418, 0.010895744897425175, 0.01032289583235979, 0.012352284975349903, 0.02134883962571621, 0.01117109414190054, 0.007990273647010326, 0.012536542490124702, 0.008183862082660198, 0.013414622284471989, 0.014615512453019619, 0.010412563569843769, 0.012474174611270428, 0.011575331911444664, 0.015673093497753143, 0.010739258490502834, 0.008396834135055542, 0.008953569456934929, 0.01640659011900425, 0.01640659011900425, 0.01711583137512207, 0.01964866928756237, 0.011286531575024128, 0.011827224865555763, 0.01633612997829914, 0.015865487977862358, 0.010345099493861198, 0.01759784296154976, 0.011753799393773079, 0.013554342091083527, 0.01599724404513836, 0.013270608149468899, 0.008706198073923588, 0.021018965169787407, 0.009087557904422283, 0.014739101752638817, 0.013619298115372658, 0.010514121502637863, 0.010193940252065659, 0.01788698136806488, 0.009753241203725338, 0.01142936758697033, 0.015607940033078194, 0.013183404691517353, 0.011545058339834213, 0.01377751212567091, 0.012856635265052319, 0.01695699244737625, 0.011642605066299438, 0.015618317760527134, 0.01417367160320282, 0.02010278031229973, 0.016541862860322, 0.013200054876506329, 0.01254558376967907, 0.01243086438626051, 0.013158942572772503, 0.012446125969290733, 0.008124818094074726, 0.005697398912161589, 0.005922792479395866, 0.009996228851377964, 0.01602948270738125, 0.010917378589510918, 0.012149814516305923, 0.015555283986032009, 0.015343922190368176, 0.010975353419780731, 0.012035448104143143, 0.01652432046830654, 0.01761903613805771, 0.01868262328207493, 0.012509993277490139, 0.01404265221208334], "sigma": [2.9824938774108887, 3.0522000789642334, 3.047065019607544, 3.048739194869995, 2.9178082942962646, 3.0225412845611572, 3.049882411956787, 3.029146194458008, 3.0611090660095215, 3.0431406497955322, 3.242854118347168, 2.895169973373413, 3.0119388103485107, 3.0122809410095215, 3.206693172454834, 3.175577402114868, 3.0534677505493164, 3.063302993774414, 3.065868377685547, 3.090743064880371, 3.037369728088379, 3.17097806930542, 3.097222089767456, 3.3077006340026855, 3.044018030166626, 3.1177098751068115, 3.135450839996338, 3.0340890884399414, 3.0465128421783447, 3.100445508956909, 2.9583544731140137, 3.117955446243286, 3.2320921421051025, 3.2934234142303467, 3.211909770965576, 2.9096977710723877, 3.1776375770568848, 3.0972788333892822, 2.9528920650482178, 3.130317211151123, 2.910853385925293, 2.9646549224853516, 3.219514846801758, 3.021287202835083, 2.982633590698242, 2.982633590698242, 2.9218618869781494, 3.0851781368255615, 2.997931957244873, 3.0408976078033447, 2.9990410804748535, 3.0199387073516846, 3.0905168056488037, 3.041746139526367, 3.0357401371002197, 3.0267508029937744, 3.033817768096924, 3.0547828674316406, 3.091871500015259, 3.141653537750244, 3.025118827819824, 3.0982418060302734, 3.101907968521118, 2.98685884475708, 2.986342430114746, 3.0669660568237305, 2.993091106414795, 3.0034127235412598, 3.051297664642334, 3.1534173488616943, 2.942307949066162, 2.938328266143799, 3.0031936168670654, 3.0094285011291504, 3.0571770668029785, 2.8946163654327393, 2.921569347381592, 3.0468690395355225, 3.0597147941589355, 3.1247031688690186, 3.0852465629577637, 2.9689643383026123, 2.9791948795318604, 3.0455572605133057, 2.9487428665161133, 2.9844114780426025, 2.997222423553467, 2.9713237285614014, 3.074826717376709, 3.0454485416412354, 3.083984375, 3.084841012954712, 3.209347724914551, 2.932356357574463, 2.9808547496795654, 3.1420302391052246, 3.138920783996582, 3.0940654277801514, 3.000277280807495, 2.836941719055176],